,line,word,char,name
,15739,349365,2490788,r/cleaned/text_data_2020-06-15.csv
,14932,345332,2439814,r/cleaned/text_data_2020-06-16.csv
,13461,312775,2214455,r/cleaned/text_data_2020-06-17.csv
,15228,322708,2304934,r/cleaned/text_data_2020-06-18.csv
,10838,267403,1898660,r/cleaned/text_data_2020-06-19.csv
,9808,242469,1725903,r/cleaned/text_data_2020-06-20.csv
,13409,315142,2252907,r/cleaned/text_data_2020-06-21.csv
,14774,340539,2435432,r/cleaned/text_data_2020-06-22.csv
,18423,439060,3108041,r/cleaned/text_data_2020-06-23.csv
,17401,410495,2901331,r/cleaned/text_data_2020-06-24.csv
,21131,512274,3626846,r/cleaned/text_data_2020-06-25.csv
,21396,499378,3527578,r/cleaned/text_data_2020-06-26.csv
,18572,444861,3144316,r/cleaned/text_data_2020-06-27.csv
,19179,450725,3193628,r/cleaned/text_data_2020-06-28.csv
,19431,451682,3197289,r/cleaned/text_data_2020-06-29.csv
,19081,444438,3145447,r/cleaned/text_data_2020-06-30.csv
,22999,533266,3769521,r/cleaned/text_data_2020-07-01.csv
,19309,453653,3212504,r/cleaned/text_data_2020-07-02.csv
,16852,408224,2894343,r/cleaned/text_data_2020-07-03.csv
,15510,389431,2758375,r/cleaned/text_data_2020-07-04.csv
,17678,436174,3099854,r/cleaned/text_data_2020-07-05.csv
,5035,113012,803734,r/cleaned/text_data_2020-07-06.csv
,19149,441391,3141676,r/cleaned/text_data_2020-07-07.csv
,2,2,25,r/cleaned/text_data_2020-07-08.csv
,2,2,25,r/cleaned/text_data_2020-07-09.csv
,24659,592431,4207163,r/cleaned/text_data_2020-07-10.csv
,21641,512480,3621818,r/cleaned/text_data_2020-07-11.csv
,26060,604221,4280702,r/cleaned/text_data_2020-07-12.csv
,22618,522554,3715343,r/cleaned/text_data_2020-07-13.csv
,23393,534117,3789045,r/cleaned/text_data_2020-07-14.csv
,19280,455922,3243097,r/cleaned/text_data_2020-07-15.csv
,19144,433611,3078021,r/cleaned/text_data_2020-07-16.csv
,18482,448471,3176637,r/cleaned/text_data_2020-07-17.csv
,16591,370963,2629630,r/cleaned/text_data_2020-07-18.csv
,19555,446142,3171696,r/cleaned/text_data_2020-07-19.csv
,16567,346969,2470876,r/cleaned/text_data_2020-07-20.csv
,17807,403672,2873013,r/cleaned/text_data_2020-07-21.csv
,19574,437676,3103534,r/cleaned/text_data_2020-07-22.csv
,6409,146614,1039304,r/cleaned/text_data_2020-07-23.csv
,14657,342369,2439355,r/cleaned/text_data_2020-07-24.csv
,15281,345887,2462640,r/cleaned/text_data_2020-07-25.csv
,19079,437963,3107449,r/cleaned/text_data_2020-07-26.csv
,16431,374305,2661242,r/cleaned/text_data_2020-07-27.csv
,18358,413704,2960277,r/cleaned/text_data_2020-07-28.csv
,20513,456522,3250389,r/cleaned/text_data_2020-07-29.csv
,15053,336614,2402841,r/cleaned/text_data_2020-07-30.csv
,2,2,25,r/cleaned/text_data_2020-07-31.csv
,2,2,25,r/cleaned/text_data_2020-08-01.csv
,15238,364404,2594183,r/cleaned/text_data_2020-08-02.csv
,14734,336555,2403286,r/cleaned/text_data_2020-08-03.csv
,16762,394473,2799746,r/cleaned/text_data_2020-08-04.csv
,2,2,25,r/cleaned/text_data_2020-08-05.csv
,2,2,25,r/cleaned/text_data_2020-08-06.csv
,2,2,25,r/cleaned/text_data_2020-08-07.csv
,12850,310163,2207897,r/cleaned/text_data_2020-08-08.csv
,18197,399914,2843554,r/cleaned/text_data_2020-08-09.csv
,2,2,25,r/cleaned/text_data_2020-08-10.csv
,2,2,25,r/cleaned/text_data_2020-08-11.csv
,15553,359664,2552555,r/cleaned/text_data_2020-08-12.csv
,15294,350639,2495361,r/cleaned/text_data_2020-08-13.csv
,2,2,25,r/cleaned/text_data_2020-08-14.csv
,2,2,25,r/cleaned/text_data_2020-08-15.csv
,2,2,25,r/cleaned/text_data_2020-08-16.csv
,2,2,25,r/cleaned/text_data_2020-08-17.csv
,2,2,25,r/cleaned/text_data_2020-08-18.csv
,2,2,25,r/cleaned/text_data_2020-08-19.csv
,2,2,25,r/cleaned/text_data_2020-08-20.csv
,2,2,25,r/cleaned/text_data_2020-08-21.csv
,2,2,25,r/cleaned/text_data_2020-08-22.csv
,2,2,25,r/cleaned/text_data_2020-08-23.csv
,2,2,25,r/cleaned/text_data_2020-08-24.csv
,2,2,25,r/cleaned/text_data_2020-08-25.csv
,2,2,25,r/cleaned/text_data_2020-08-26.csv
,2,2,25,r/cleaned/text_data_2020-08-27.csv
,2,2,25,r/cleaned/text_data_2020-08-28.csv
,5441,124001,887412,r/cleaned/text_data_2020-08-29.csv
,7856,172636,1235874,r/cleaned/text_data_2020-08-30.csv
,9544,203801,1456030,r/cleaned/text_data_2020-08-31.csv
,10059,218398,1561958,r/cleaned/text_data_2020-09-01.csv
,2,2,25,r/cleaned/text_data_2020-09-02.csv
,6533,153955,1103043,r/cleaned/text_data_2020-09-03.csv
,2,2,25,r/cleaned/text_data_2020-09-04.csv
,7444,176646,1254959,r/cleaned/text_data_2020-09-05.csv
,6694,162551,1157686,r/cleaned/text_data_2020-09-06.csv
,6723,154514,1101857,r/cleaned/text_data_2020-09-07.csv
,8086,184080,1315807,r/cleaned/text_data_2020-09-08.csv
,8103,182038,1305856,r/cleaned/text_data_2020-09-09.csv
,10894,243011,1725246,r/cleaned/text_data_2020-09-10.csv
,6919,153991,1099849,r/cleaned/text_data_2020-09-11.csv
,8073,183641,1305721,r/cleaned/text_data_2020-09-12.csv
,7799,177449,1272176,r/cleaned/text_data_2020-09-13.csv
,7410,161590,1157142,r/cleaned/text_data_2020-09-14.csv
,11807,256163,1828778,r/cleaned/text_data_2020-09-15.csv
,2,2,25,r/cleaned/text_data_2020-09-16.csv
,2,2,25,r/cleaned/text_data_2020-09-17.csv
,2,2,25,r/cleaned/text_data_2020-09-18.csv
,2,2,25,r/cleaned/text_data_2020-09-19.csv
,3643,88366,625484,r/cleaned/text_data_2020-09-20.csv
,2548,53957,383561,r/cleaned/text_data_2020-09-21.csv
,8167,194768,1387181,r/cleaned/text_data_2020-09-22.csv
,6091,135722,972692,r/cleaned/text_data_2020-09-23.csv
,6225,138540,987604,r/cleaned/text_data_2020-09-24.csv
,7803,194877,1383942,r/cleaned/text_data_2020-09-25.csv
,2,2,25,r/cleaned/text_data_2020-09-26.csv
,7827,187071,1334469,r/cleaned/text_data_2020-09-27.csv
,8073,188894,1347132,r/cleaned/text_data_2020-09-28.csv
,2,2,25,r/cleaned/text_data_2020-09-29.csv
,2,2,25,r/cleaned/text_data_2020-09-30.csv
,2,2,25,r/cleaned/text_data_2020-10-01.csv
,7553,181904,1303894,r/cleaned/text_data_2020-10-02.csv
,7979,195483,1395275,r/cleaned/text_data_2020-10-03.csv
,1056,24806,177495,r/cleaned/text_data_2020-10-04.csv
,2,2,25,r/cleaned/text_data_2020-10-05.csv
,10928,240245,1715602,r/cleaned/text_data_2020-10-06.csv
,2,2,25,r/cleaned/text_data_2020-10-07.csv
,8393,187309,1343512,r/cleaned/text_data_2020-10-08.csv
,7509,159140,1137807,r/cleaned/text_data_2020-10-09.csv
,6492,153263,1101932,r/cleaned/text_data_2020-10-10.csv
,8729,183198,1314612,r/cleaned/text_data_2020-10-11.csv
,8060,165260,1189290,r/cleaned/text_data_2020-10-12.csv
,2,2,25,r/cleaned/text_data_2020-10-13.csv
,2,2,25,r/cleaned/text_data_2020-10-14.csv
,7770,162405,1168968,r/cleaned/text_data_2020-10-15.csv
,2,2,25,r/cleaned/text_data_2020-10-16.csv
,2,2,25,r/cleaned/text_data_2020-10-17.csv
,2,2,25,r/cleaned/text_data_2020-10-18.csv
,7137,149783,1074833,r/cleaned/text_data_2020-10-19.csv
,8692,193768,1387918,r/cleaned/text_data_2020-10-20.csv
,2,2,25,r/cleaned/text_data_2020-10-21.csv
,2,2,25,r/cleaned/text_data_2020-10-22.csv
,10398,240044,1702064,r/cleaned/text_data_2020-10-23.csv
,10685,233454,1667499,r/cleaned/text_data_2020-10-24.csv
,2,2,25,r/cleaned/text_data_2020-10-25.csv
,11004,258718,1840200,r/cleaned/text_data_2020-10-26.csv
,7220,159891,1146817,r/cleaned/text_data_2020-10-27.csv
,11015,247206,1762599,r/cleaned/text_data_2020-10-28.csv
,10031,214360,1553287,r/cleaned/text_data_2020-10-29.csv
,9484,214464,1528021,r/cleaned/text_data_2020-10-30.csv
,11068,261343,1854188,r/cleaned/text_data_2020-10-31.csv
,8023,191454,1361868,r/cleaned/text_data_2020-11-01.csv
,9145,202854,1453378,r/cleaned/text_data_2020-11-02.csv
,7489,162606,1152725,r/cleaned/text_data_2020-11-03.csv
,4120,87057,622298,r/cleaned/text_data_2020-11-04.csv
,2,2,25,r/cleaned/text_data_2020-11-05.csv
,2135,47369,338775,r/cleaned/text_data_2020-11-06.csv
,6679,155768,1099120,r/cleaned/text_data_2020-11-07.csv
,6592,161735,1150836,r/cleaned/text_data_2020-11-08.csv
,930,21215,149634,r/cleaned/text_data_2020-11-09.csv
,2,2,25,r/cleaned/text_data_2020-11-10.csv
,2,2,25,r/cleaned/text_data_2020-11-11.csv
,2,2,25,r/cleaned/text_data_2020-11-12.csv
,2,2,25,r/cleaned/text_data_2020-11-13.csv
,2,2,25,r/cleaned/text_data_2020-11-14.csv
,1998,50069,358688,r/cleaned/text_data_2020-11-15.csv
,4125,94989,681545,r/cleaned/text_data_2020-11-16.csv
,1543,38753,277355,r/cleaned/text_data_2020-11-17.csv
,5841,140641,1001574,r/cleaned/text_data_2020-11-18.csv
,8956,220351,1571787,r/cleaned/text_data_2020-11-19.csv
,10109,236782,1687895,r/cleaned/text_data_2020-11-20.csv
,11624,283642,2008608,r/cleaned/text_data_2020-11-21.csv
,9567,240445,1716190,r/cleaned/text_data_2020-11-22.csv
,10177,231618,1647439,r/cleaned/text_data_2020-11-23.csv
,8859,212160,1514810,r/cleaned/text_data_2020-11-24.csv
,8269,191729,1371777,r/cleaned/text_data_2020-11-25.csv
,8918,221792,1571801,r/cleaned/text_data_2020-11-26.csv
,6390,162548,1163691,r/cleaned/text_data_2020-11-27.csv
,8259,216406,1539986,r/cleaned/text_data_2020-11-28.csv
,8229,211111,1504093,r/cleaned/text_data_2020-11-29.csv
,8155,205345,1465282,r/cleaned/text_data_2020-11-30.csv
,9216,219785,1561746,r/cleaned/text_data_2020-12-01.csv
,8401,203703,1441966,r/cleaned/text_data_2020-12-02.csv
,2,2,25,r/cleaned/text_data_2020-12-03.csv
,2,2,25,r/cleaned/text_data_2020-12-04.csv
,7100,182339,1297182,r/cleaned/text_data_2020-12-05.csv
,7550,176056,1258348,r/cleaned/text_data_2020-12-06.csv
,9200,214532,1545957,r/cleaned/text_data_2020-12-07.csv
,9957,240945,1745633,r/cleaned/text_data_2020-12-08.csv
,10343,250623,1795928,r/cleaned/text_data_2020-12-09.csv
,7565,183379,1321807,r/cleaned/text_data_2020-12-10.csv
,7555,183342,1313734,r/cleaned/text_data_2020-12-11.csv
,7667,193987,1395105,r/cleaned/text_data_2020-12-12.csv
,8824,202267,1460661,r/cleaned/text_data_2020-12-13.csv
,10675,259963,1861054,r/cleaned/text_data_2020-12-14.csv
,8365,207345,1490246,r/cleaned/text_data_2020-12-15.csv
,9534,216246,1549208,r/cleaned/text_data_2020-12-16.csv
,10273,242757,1742728,r/cleaned/text_data_2020-12-17.csv
,7856,199977,1439966,r/cleaned/text_data_2020-12-18.csv
,8557,207133,1488360,r/cleaned/text_data_2020-12-19.csv
,10054,242547,1735623,r/cleaned/text_data_2020-12-20.csv
,11513,256011,1845316,r/cleaned/text_data_2020-12-21.csv
,8738,204371,1464449,r/cleaned/text_data_2020-12-22.csv
,7833,183567,1319895,r/cleaned/text_data_2020-12-23.csv
,6450,167060,1194938,r/cleaned/text_data_2020-12-24.csv
,7791,183843,1317703,r/cleaned/text_data_2020-12-25.csv
,9748,218990,1568258,r/cleaned/text_data_2020-12-26.csv
,9057,214513,1538252,r/cleaned/text_data_2020-12-27.csv
,9005,220848,1587297,r/cleaned/text_data_2020-12-28.csv
,9910,234331,1679413,r/cleaned/text_data_2020-12-29.csv
,2,2,25,r/cleaned/text_data_2020-12-30.csv
,2,2,25,r/cleaned/text_data_2020-12-31.csv
,9598,221370,1595697,r/cleaned/text_data_2021-01-01.csv
,10130,228407,1630565,r/cleaned/text_data_2021-01-02.csv
,8279,190937,1377372,r/cleaned/text_data_2021-01-03.csv
,9876,217754,1570148,r/cleaned/text_data_2021-01-04.csv
,7290,169458,1223063,r/cleaned/text_data_2021-01-05.csv
,4733,110579,801434,r/cleaned/text_data_2021-01-06.csv
,5810,138524,994348,r/cleaned/text_data_2021-01-07.csv
,5348,124983,896139,r/cleaned/text_data_2021-01-08.csv
,4896,116000,834472,r/cleaned/text_data_2021-01-09.csv
,5495,131157,942125,r/cleaned/text_data_2021-01-10.csv
,6392,155890,1125564,r/cleaned/text_data_2021-01-11.csv
,2,2,25,r/cleaned/text_data_2021-01-12.csv
,6676,170151,1221698,r/cleaned/text_data_2021-01-13.csv
,3356,87351,619718,r/cleaned/text_data_2021-01-14.csv
,5693,134131,966095,r/cleaned/text_data_2021-01-15.csv
,6196,153199,1101579,r/cleaned/text_data_2021-01-16.csv
,7766,194366,1386743,r/cleaned/text_data_2021-01-17.csv
,6379,154295,1112969,r/cleaned/text_data_2021-01-18.csv
,4988,112065,812179,r/cleaned/text_data_2021-01-19.csv
,5788,138875,1001695,r/cleaned/text_data_2021-01-20.csv
,2,2,25,r/cleaned/text_data_2021-01-21.csv
,2,2,25,r/cleaned/text_data_2021-01-22.csv
,2,2,25,r/cleaned/text_data_2021-01-23.csv
,2,2,25,r/cleaned/text_data_2021-01-24.csv
,2,2,25,r/cleaned/text_data_2021-01-25.csv
,3695,86116,617494,r/cleaned/text_data_2021-01-26.csv
,7464,167748,1210698,r/cleaned/text_data_2021-01-27.csv
,9813,228792,1650272,r/cleaned/text_data_2021-01-28.csv
,6036,153986,1114835,r/cleaned/text_data_2021-01-29.csv
,6872,154419,1112334,r/cleaned/text_data_2021-01-30.csv
,6777,152076,1097487,r/cleaned/text_data_2021-01-31.csv
,6321,149863,1082257,r/cleaned/text_data_2021-02-01.csv
,4704,116817,846133,r/cleaned/text_data_2021-02-02.csv
,2,2,25,r/cleaned/text_data_2021-02-03.csv
,2,2,25,r/cleaned/text_data_2021-02-04.csv
,2,2,25,r/cleaned/text_data_2021-02-05.csv
,2,2,25,r/cleaned/text_data_2021-02-06.csv
,5394,119081,860422,r/cleaned/text_data_2021-02-07.csv
,6078,147251,1066393,r/cleaned/text_data_2021-02-08.csv
,4878,115499,832939,r/cleaned/text_data_2021-02-09.csv
,7226,170522,1236799,r/cleaned/text_data_2021-02-10.csv
,6258,142700,1036596,r/cleaned/text_data_2021-02-11.csv
,5619,143141,1030383,r/cleaned/text_data_2021-02-12.csv
,5265,123616,892779,r/cleaned/text_data_2021-02-13.csv
,6698,149566,1083321,r/cleaned/text_data_2021-02-14.csv
,2,2,25,r/cleaned/text_data_2021-02-15.csv
,3383,72800,529173,r/cleaned/text_data_2021-02-16.csv
,7043,170464,1228470,r/cleaned/text_data_2021-02-17.csv
,5843,137183,993450,r/cleaned/text_data_2021-02-18.csv
,2,2,25,r/cleaned/text_data_2021-02-19.csv
,6614,159859,1157643,r/cleaned/text_data_2021-02-20.csv
,7443,182657,1319336,r/cleaned/text_data_2021-02-21.csv
,6780,162623,1173647,r/cleaned/text_data_2021-02-22.csv
,6368,146695,1062945,r/cleaned/text_data_2021-02-23.csv
,6525,157256,1133875,r/cleaned/text_data_2021-02-24.csv
,2,2,25,r/cleaned/text_data_2021-02-25.csv
,1569,38837,280276,r/cleaned/text_data_2021-02-26.csv
,2,2,25,r/cleaned/text_data_2021-02-27.csv
,2,2,25,r/cleaned/text_data_2021-02-28.csv
,4579,108775,777270,r/cleaned/text_data_2021-03-01.csv
,6011,153224,1103247,r/cleaned/text_data_2021-03-02.csv
,6919,158833,1147917,r/cleaned/text_data_2021-03-03.csv
,646,15053,107286,r/cleaned/text_data_2021-03-04.csv
,2,2,25,r/cleaned/text_data_2021-03-05.csv
,1025,22246,160695,r/cleaned/text_data_2021-03-06.csv
,3964,97794,700887,r/cleaned/text_data_2021-03-07.csv
,5723,143454,1032294,r/cleaned/text_data_2021-03-08.csv
,5997,145407,1040535,r/cleaned/text_data_2021-03-09.csv
,6580,159515,1145619,r/cleaned/text_data_2021-03-10.csv
,9151,224988,1616116,r/cleaned/text_data_2021-03-11.csv
,7296,175293,1261081,r/cleaned/text_data_2021-03-12.csv
,6231,158383,1135107,r/cleaned/text_data_2021-03-13.csv
,3673,82659,610569,r/cleaned/text_data_2021-03-14.csv
,7013,162704,1178657,r/cleaned/text_data_2021-03-15.csv
,4732,113260,818138,r/cleaned/text_data_2021-03-16.csv
,2,2,25,r/cleaned/text_data_2021-03-17.csv
,2,2,25,r/cleaned/text_data_2021-03-18.csv
,2,2,25,r/cleaned/text_data_2021-03-19.csv
,2,2,25,r/cleaned/text_data_2021-03-20.csv
,2,2,25,r/cleaned/text_data_2021-03-21.csv
,2,2,25,r/cleaned/text_data_2021-03-22.csv
,2,2,25,r/cleaned/text_data_2021-03-23.csv
,2,2,25,r/cleaned/text_data_2021-03-24.csv
,2,2,25,r/cleaned/text_data_2021-03-25.csv
,1048,25879,186687,r/cleaned/text_data_2021-03-26.csv
,5222,122818,882837,r/cleaned/text_data_2021-03-27.csv
,7199,169658,1220500,r/cleaned/text_data_2021-03-28.csv
,7563,176463,1272010,r/cleaned/text_data_2021-03-29.csv
,7020,159249,1144918,r/cleaned/text_data_2021-03-30.csv
,6651,161249,1160485,r/cleaned/text_data_2021-03-31.csv
,6821,154354,1107479,r/cleaned/text_data_2021-04-01.csv
,5368,130770,933685,r/cleaned/text_data_2021-04-02.csv
,4969,128209,918391,r/cleaned/text_data_2021-04-03.csv
,7095,160824,1171913,r/cleaned/text_data_2021-04-04.csv
,7636,178642,1284902,r/cleaned/text_data_2021-04-05.csv
,8792,216565,1538530,r/cleaned/text_data_2021-04-06.csv
,7093,176209,1257048,r/cleaned/text_data_2021-04-07.csv
,6716,160535,1150254,r/cleaned/text_data_2021-04-08.csv
,2,2,25,r/cleaned/text_data_2021-04-09.csv
,2,2,25,r/cleaned/text_data_2021-04-10.csv
,2,2,25,r/cleaned/text_data_2021-04-11.csv
,2,2,25,r/cleaned/text_data_2021-04-12.csv
,5845,128830,930155,r/cleaned/text_data_2021-04-13.csv
,6828,163366,1168075,r/cleaned/text_data_2021-04-14.csv
,6325,153237,1096968,r/cleaned/text_data_2021-04-15.csv
,4249,99990,720856,r/cleaned/text_data_2021-04-16.csv
,4987,119249,853855,r/cleaned/text_data_2021-04-17.csv
,5849,150939,1076911,r/cleaned/text_data_2021-04-18.csv
,5350,140935,1004821,r/cleaned/text_data_2021-04-19.csv
,4606,113289,814924,r/cleaned/text_data_2021-04-20.csv
,2,2,25,r/cleaned/text_data_2021-04-21.csv
,5591,134024,965556,r/cleaned/text_data_2021-04-22.csv
,5337,122535,878142,r/cleaned/text_data_2021-04-23.csv
,4394,106671,769602,r/cleaned/text_data_2021-04-24.csv
,6876,162211,1173920,r/cleaned/text_data_2021-04-25.csv
,5322,125576,908109,r/cleaned/text_data_2021-04-26.csv
,5431,138833,1002850,r/cleaned/text_data_2021-04-27.csv
,4949,118709,860247,r/cleaned/text_data_2021-04-28.csv
,5872,140587,1006696,r/cleaned/text_data_2021-04-29.csv
,3766,96874,695158,r/cleaned/text_data_2021-04-30.csv
,3150,71075,510572,r/cleaned/text_data_2021-05-01.csv
,4605,102642,746653,r/cleaned/text_data_2021-05-02.csv
,4333,108074,776007,r/cleaned/text_data_2021-05-03.csv
,4727,111217,805474,r/cleaned/text_data_2021-05-04.csv
,3941,94438,683403,r/cleaned/text_data_2021-05-05.csv
,3742,86510,624722,r/cleaned/text_data_2021-05-06.csv
,3533,86108,624120,r/cleaned/text_data_2021-05-07.csv
,2580,60727,439966,r/cleaned/text_data_2021-05-08.csv
,4609,112884,816888,r/cleaned/text_data_2021-05-09.csv
,4128,93254,670323,r/cleaned/text_data_2021-05-10.csv
,4483,105609,764271,r/cleaned/text_data_2021-05-11.csv
,7024,175432,1255172,r/cleaned/text_data_2021-05-12.csv
,2,2,25,r/cleaned/text_data_2021-05-13.csv
,6492,149759,1073829,r/cleaned/text_data_2021-05-14.csv
,6103,150367,1081118,r/cleaned/text_data_2021-05-15.csv
,9268,228179,1637830,r/cleaned/text_data_2021-05-16.csv
,6175,143857,1028092,r/cleaned/text_data_2021-05-17.csv
,5214,116518,842134,r/cleaned/text_data_2021-05-18.csv
,4403,92128,670229,r/cleaned/text_data_2021-05-19.csv
,4050,92858,672424,r/cleaned/text_data_2021-05-20.csv
,2536,57804,419913,r/cleaned/text_data_2021-05-21.csv
,3138,65046,474582,r/cleaned/text_data_2021-05-22.csv
,4059,85966,622236,r/cleaned/text_data_2021-05-23.csv
,3507,70403,513752,r/cleaned/text_data_2021-05-24.csv
,4135,91423,663647,r/cleaned/text_data_2021-05-25.csv
,4131,85294,621209,r/cleaned/text_data_2021-05-26.csv
,3079,76510,557003,r/cleaned/text_data_2021-05-27.csv
,3152,72880,533760,r/cleaned/text_data_2021-05-28.csv
,3213,72478,525955,r/cleaned/text_data_2021-05-29.csv
,2,2,25,r/cleaned/text_data_2021-05-30.csv
,2781,64418,467449,r/cleaned/text_data_2021-05-31.csv
,2611,58638,424488,r/cleaned/text_data_2021-06-01.csv
,3379,68673,499149,r/cleaned/text_data_2021-06-02.csv
,3193,72114,520397,r/cleaned/text_data_2021-06-03.csv
,2727,53443,391586,r/cleaned/text_data_2021-06-04.csv
,2475,55423,401456,r/cleaned/text_data_2021-06-05.csv
,2,2,25,r/cleaned/text_data_2021-06-06.csv
,3281,77496,566899,r/cleaned/text_data_2021-06-07.csv
,2935,59164,431186,r/cleaned/text_data_2021-06-08.csv
,3095,64983,472018,r/cleaned/text_data_2021-06-09.csv
,2,2,25,r/cleaned/text_data_2021-06-10.csv
,2188,48838,353418,r/cleaned/text_data_2021-06-11.csv
,2259,49402,354860,r/cleaned/text_data_2021-06-12.csv
,3225,70142,508795,r/cleaned/text_data_2021-06-13.csv
,2698,58162,421302,r/cleaned/text_data_2021-06-14.csv
,2622,59545,432880,r/cleaned/text_data_2021-06-15.csv
,3757,90715,654177,r/cleaned/text_data_2021-06-16.csv
,2,2,25,r/cleaned/text_data_2021-06-17.csv
,2768,59338,426841,r/cleaned/text_data_2021-06-18.csv
,2498,54097,397314,r/cleaned/text_data_2021-06-19.csv
,2846,62287,453730,r/cleaned/text_data_2021-06-20.csv
,2947,62221,453495,r/cleaned/text_data_2021-06-21.csv
,3276,67860,498600,r/cleaned/text_data_2021-06-22.csv
,3732,78587,575111,r/cleaned/text_data_2021-06-23.csv
,3379,73533,533114,r/cleaned/text_data_2021-06-24.csv
,3820,83433,601215,r/cleaned/text_data_2021-06-25.csv
,3221,72434,523843,r/cleaned/text_data_2021-06-26.csv
,3718,87308,632737,r/cleaned/text_data_2021-06-27.csv
,3963,101191,728439,r/cleaned/text_data_2021-06-28.csv
,4772,116234,834951,r/cleaned/text_data_2021-06-29.csv
,2677,54800,398398,r/cleaned/text_data_2021-06-30.csv
,2991,58651,429906,r/cleaned/text_data_2021-07-01.csv
,2752,58130,428111,r/cleaned/text_data_2021-07-02.csv
,2499,59516,431322,r/cleaned/text_data_2021-07-03.csv
,3244,69000,501864,r/cleaned/text_data_2021-07-04.csv
,801,20948,150272,r/cleaned/text_data_2021-07-05.csv
,4012,97549,702414,r/cleaned/text_data_2021-07-06.csv
,3931,88919,644069,r/cleaned/text_data_2021-07-07.csv
,4281,100700,733562,r/cleaned/text_data_2021-07-08.csv
,4272,93764,681360,r/cleaned/text_data_2021-07-09.csv
,4359,98847,717965,r/cleaned/text_data_2021-07-10.csv
,3462,85468,621543,r/cleaned/text_data_2021-07-11.csv
,4681,106798,776319,r/cleaned/text_data_2021-07-12.csv
,4196,102674,750066,r/cleaned/text_data_2021-07-13.csv
,3910,85209,620412,r/cleaned/text_data_2021-07-14.csv
,4800,115597,839662,r/cleaned/text_data_2021-07-15.csv
,4104,98203,711484,r/cleaned/text_data_2021-07-16.csv
,4754,127957,882245,r/cleaned/text_data_2021-07-17.csv
,4611,107149,780852,r/cleaned/text_data_2021-07-18.csv
,4248,98991,720508,r/cleaned/text_data_2021-07-19.csv
,5514,129894,940131,r/cleaned/text_data_2021-07-20.csv
,6584,152220,1100606,r/cleaned/text_data_2021-07-21.csv
,6084,134188,971173,r/cleaned/text_data_2021-07-22.csv
,4583,112885,819930,r/cleaned/text_data_2021-07-23.csv
,4653,112993,816505,r/cleaned/text_data_2021-07-24.csv
,5238,115614,838438,r/cleaned/text_data_2021-07-25.csv
,2,2,25,r/cleaned/text_data_2021-07-26.csv
,2,2,25,r/cleaned/text_data_2021-07-27.csv
,8688,196941,1421258,r/cleaned/text_data_2021-07-28.csv
,9483,227383,1646301,r/cleaned/text_data_2021-07-29.csv
,6526,157541,1142702,r/cleaned/text_data_2021-07-30.csv
,9804,236023,1706996,r/cleaned/text_data_2021-07-31.csv
,2,2,25,r/cleaned/text_data_2021-08-01.csv
,8343,189605,1370045,r/cleaned/text_data_2021-08-02.csv
,7720,180718,1308356,r/cleaned/text_data_2021-08-03.csv
,7487,179980,1298685,r/cleaned/text_data_2021-08-04.csv
,7946,184913,1343756,r/cleaned/text_data_2021-08-05.csv
,7704,170474,1242061,r/cleaned/text_data_2021-08-06.csv
,5538,128861,937817,r/cleaned/text_data_2021-08-07.csv
,7048,163970,1188660,r/cleaned/text_data_2021-08-08.csv
,6670,162935,1173103,r/cleaned/text_data_2021-08-09.csv
,6034,143548,1038315,r/cleaned/text_data_2021-08-10.csv
,7145,168025,1214364,r/cleaned/text_data_2021-08-11.csv
,2,2,25,r/cleaned/text_data_2021-08-12.csv
,2,2,25,r/cleaned/text_data_2021-08-13.csv
,4849,125124,908789,r/cleaned/text_data_2021-08-14.csv
,5485,136494,983958,r/cleaned/text_data_2021-08-15.csv
,6083,152403,1090679,r/cleaned/text_data_2021-08-16.csv
,5412,128779,931674,r/cleaned/text_data_2021-08-17.csv
,5582,139956,1010054,r/cleaned/text_data_2021-08-18.csv
,5117,119190,865538,r/cleaned/text_data_2021-08-19.csv
,4773,124130,894988,r/cleaned/text_data_2021-08-20.csv
,6637,149510,1077374,r/cleaned/text_data_2021-08-21.csv
,8047,189609,1357048,r/cleaned/text_data_2021-08-22.csv
,7108,169623,1232635,r/cleaned/text_data_2021-08-23.csv
,7770,183371,1333067,r/cleaned/text_data_2021-08-24.csv
,6798,156802,1135657,r/cleaned/text_data_2021-08-25.csv
,6383,140174,1024117,r/cleaned/text_data_2021-08-26.csv
,4829,119353,864512,r/cleaned/text_data_2021-08-27.csv
,4266,106633,776258,r/cleaned/text_data_2021-08-28.csv
,5076,120474,873281,r/cleaned/text_data_2021-08-29.csv
,4838,117146,843291,r/cleaned/text_data_2021-08-30.csv
,5157,125658,909185,r/cleaned/text_data_2021-08-31.csv
,5271,123292,896421,r/cleaned/text_data_2021-09-01.csv
,5101,115433,838965,r/cleaned/text_data_2021-09-02.csv
,3862,89020,643967,r/cleaned/text_data_2021-09-03.csv
,3058,70114,511607,r/cleaned/text_data_2021-09-04.csv
,3325,80380,582027,r/cleaned/text_data_2021-09-05.csv
,4699,108229,786987,r/cleaned/text_data_2021-09-06.csv
,5047,117076,848379,r/cleaned/text_data_2021-09-07.csv
,4096,92576,678474,r/cleaned/text_data_2021-09-08.csv
,7231,171024,1244529,r/cleaned/text_data_2021-09-09.csv
,3161,77146,562091,r/cleaned/text_data_2021-09-10.csv
,3409,77941,568761,r/cleaned/text_data_2021-09-11.csv
,4158,99602,723169,r/cleaned/text_data_2021-09-12.csv
,3843,88109,639538,r/cleaned/text_data_2021-09-13.csv
,4813,109354,792079,r/cleaned/text_data_2021-09-14.csv
,5837,127177,926545,r/cleaned/text_data_2021-09-15.csv
,4904,113218,824123,r/cleaned/text_data_2021-09-16.csv
,3848,88212,638342,r/cleaned/text_data_2021-09-17.csv
,2841,67054,484596,r/cleaned/text_data_2021-09-18.csv
,4067,88411,637186,r/cleaned/text_data_2021-09-19.csv
,3606,83362,607725,r/cleaned/text_data_2021-09-20.csv
,3490,80687,588347,r/cleaned/text_data_2021-09-21.csv
,4380,92534,676784,r/cleaned/text_data_2021-09-22.csv
,4164,91908,673445,r/cleaned/text_data_2021-09-23.csv
,2750,64400,469310,r/cleaned/text_data_2021-09-24.csv
,2228,50836,366725,r/cleaned/text_data_2021-09-25.csv
,2944,67939,491791,r/cleaned/text_data_2021-09-26.csv
,2887,67956,496563,r/cleaned/text_data_2021-09-27.csv
,4438,101435,744479,r/cleaned/text_data_2021-09-28.csv
,2882,64946,476433,r/cleaned/text_data_2021-09-29.csv
,2,2,25,r/cleaned/text_data_2021-09-30.csv
,2485,56310,409627,r/cleaned/text_data_2021-10-01.csv
,1608,38211,276874,r/cleaned/text_data_2021-10-02.csv
,2600,64435,466293,r/cleaned/text_data_2021-10-03.csv
,2759,62419,454203,r/cleaned/text_data_2021-10-04.csv
,2617,57402,422980,r/cleaned/text_data_2021-10-05.csv
,2857,62432,458579,r/cleaned/text_data_2021-10-06.csv
,2538,54967,401783,r/cleaned/text_data_2021-10-07.csv
,1447,33293,243811,r/cleaned/text_data_2021-10-08.csv
,1558,34908,255168,r/cleaned/text_data_2021-10-09.csv
,1864,37477,274981,r/cleaned/text_data_2021-10-10.csv
,1701,40755,300898,r/cleaned/text_data_2021-10-11.csv
,2435,55988,408071,r/cleaned/text_data_2021-10-12.csv
,2516,58234,420262,r/cleaned/text_data_2021-10-13.csv
,1785,37152,273983,r/cleaned/text_data_2021-10-14.csv
,1622,37050,266945,r/cleaned/text_data_2021-10-15.csv
,1892,40291,294437,r/cleaned/text_data_2021-10-16.csv
,2209,47301,349358,r/cleaned/text_data_2021-10-17.csv
,2182,44448,323931,r/cleaned/text_data_2021-10-18.csv
,2380,53333,390256,r/cleaned/text_data_2021-10-19.csv
,2743,63858,467173,r/cleaned/text_data_2021-10-20.csv
,2707,59192,434271,r/cleaned/text_data_2021-10-21.csv
,1691,37456,275202,r/cleaned/text_data_2021-10-22.csv
,1593,35136,259829,r/cleaned/text_data_2021-10-23.csv
,1844,44159,324830,r/cleaned/text_data_2021-10-24.csv
,1889,40313,294092,r/cleaned/text_data_2021-10-25.csv
,3165,59203,443027,r/cleaned/text_data_2021-10-26.csv
,2457,54555,399556,r/cleaned/text_data_2021-10-27.csv
,2335,51177,376072,r/cleaned/text_data_2021-10-28.csv
,1620,38896,281987,r/cleaned/text_data_2021-10-29.csv
,1597,37351,270356,r/cleaned/text_data_2021-10-30.csv
,2460,51163,374752,r/cleaned/text_data_2021-10-31.csv
,1983,49066,355150,r/cleaned/text_data_2021-11-01.csv
,2074,44912,326347,r/cleaned/text_data_2021-11-02.csv
,1951,44002,322520,r/cleaned/text_data_2021-11-03.csv
,2786,59211,432023,r/cleaned/text_data_2021-11-04.csv
,2273,57321,410550,r/cleaned/text_data_2021-11-05.csv
,1604,37136,272017,r/cleaned/text_data_2021-11-06.csv
,1898,39759,290761,r/cleaned/text_data_2021-11-07.csv
,1980,42846,314954,r/cleaned/text_data_2021-11-08.csv
,2057,50799,367679,r/cleaned/text_data_2021-11-09.csv
,2055,49935,359921,r/cleaned/text_data_2021-11-10.csv
,2292,48873,353785,r/cleaned/text_data_2021-11-11.csv
,2101,44583,323435,r/cleaned/text_data_2021-11-12.csv
,1910,43650,318640,r/cleaned/text_data_2021-11-13.csv
,2102,45222,329393,r/cleaned/text_data_2021-11-14.csv
,2061,46136,336816,r/cleaned/text_data_2021-11-15.csv
,3568,82309,590433,r/cleaned/text_data_2021-11-16.csv
,2866,64194,466599,r/cleaned/text_data_2021-11-17.csv
,3235,72572,525862,r/cleaned/text_data_2021-11-18.csv
,2340,50844,369892,r/cleaned/text_data_2021-11-19.csv
,2527,58859,428282,r/cleaned/text_data_2021-11-20.csv
,2,2,25,r/cleaned/text_data_2021-11-21.csv
,2,2,25,r/cleaned/text_data_2021-11-22.csv
,2378,55075,398625,r/cleaned/text_data_2021-11-23.csv
,3476,78987,572171,r/cleaned/text_data_2021-11-24.csv
,5180,131107,949154,r/cleaned/text_data_2021-11-25.csv
,5379,138319,1003682,r/cleaned/text_data_2021-11-26.csv
,5197,127872,930085,r/cleaned/text_data_2021-11-27.csv
,5352,127483,923257,r/cleaned/text_data_2021-11-28.csv
,5625,133650,971260,r/cleaned/text_data_2021-11-29.csv
,2,2,25,r/cleaned/text_data_2021-11-30.csv
,2957819,68970628,494579785,total
